"Staff_ID","Skill_Name"
140001,"Account Management"
140004,"Account Management"
140736,"Account Management"
140880,"Account Management"
140893,"Account Management"
140898,"Account Management"
140917,"Account Management"
140923,"Account Management"
140938,"Account Management"
140942,"Account Management"
150118,"Account Management"
150796,"Account Management"
151118,"Account Management"
151494,"Account Management"
151603,"Account Management"
160282,"Account Management"
160298,"Account Management"
170238,"Account Management"
171038,"Account Management"
180010,"Account Management"
180025,"Account Management"
180029,"Account Management"
190005,"Account Management"
190009,"Account Management"
190025,"Account Management"
190028,"Account Management"
190041,"Account Management"
190044,"Account Management"
190056,"Account Management"
190059,"Account Management"
190077,"Account Management"
190093,"Account Management"
190096,"Account Management"
210020,"Account Management"
210023,"Account Management"
210034,"Account Management"
210037,"Account Management"
140002,"Accounting and Tax Systems"
140878,"Accounting and Tax Systems"
140894,"Accounting and Tax Systems"
140918,"Accounting and Tax Systems"
140940,"Accounting and Tax Systems"
150615,"Accounting and Tax Systems"
150916,"Accounting and Tax Systems"
151482,"Accounting and Tax Systems"
151499,"Accounting and Tax Systems"
151590,"Accounting and Tax Systems"
160135,"Accounting and Tax Systems"
170245,"Accounting and Tax Systems"
171008,"Accounting and Tax Systems"
171022,"Accounting and Tax Systems"
171026,"Accounting and Tax Systems"
171039,"Accounting and Tax Systems"
171043,"Accounting and Tax Systems"
180011,"Accounting and Tax Systems"
180026,"Accounting and Tax Systems"
180030,"Accounting and Tax Systems"
190006,"Accounting and Tax Systems"
190026,"Accounting and Tax Systems"
190094,"Accounting and Tax Systems"
210021,"Accounting and Tax Systems"
140003,"Accounting Standards"
140879,"Accounting Standards"
140895,"Accounting Standards"
140919,"Accounting Standards"
160142,"Accounting Standards"
160284,"Accounting Standards"
170655,"Accounting Standards"
171009,"Accounting Standards"
171023,"Accounting Standards"
171027,"Accounting Standards"
171041,"Accounting Standards"
171044,"Accounting Standards"
180012,"Accounting Standards"
180027,"Accounting Standards"
180032,"Accounting Standards"
140004,"Applications Development"
140880,"Applications Development"
140898,"Applications Development"
140923,"Applications Development"
140942,"Applications Development"
150138,"Applications Development"
150205,"Applications Development"
150288,"Applications Development"
150342,"Applications Development"
150445,"Applications Development"
150512,"Applications Development"
150633,"Applications Development"
150866,"Applications Development"
151266,"Applications Development"
151425,"Applications Development"
151443,"Applications Development"
151447,"Applications Development"
151466,"Applications Development"
151469,"Applications Development"
151484,"Applications Development"
151498,"Applications Development"
151515,"Applications Development"
151534,"Applications Development"
151550,"Applications Development"
151559,"Applications Development"
151574,"Applications Development"
151578,"Applications Development"
151607,"Applications Development"
160304,"Applications Development"
160326,"Applications Development"
170866,"Applications Development"
171024,"Applications Development"
171042,"Applications Development"
180013,"Applications Development"
180029,"Applications Development"
180033,"Applications Development"
190009,"Applications Development"
190015,"Applications Development"
190028,"Applications Development"
190031,"Applications Development"
190044,"Applications Development"
190047,"Applications Development"
190059,"Applications Development"
190066,"Applications Development"
190080,"Applications Development"
190096,"Applications Development"
210023,"Applications Development"
210026,"Applications Development"
210037,"Applications Development"
210040,"Applications Development"
140008,"Applications Integration"
140881,"Applications Integration"
140900,"Applications Integration"
140924,"Applications Integration"
140944,"Applications Integration"
150065,"Applications Integration"
150142,"Applications Integration"
150155,"Applications Integration"
150208,"Applications Integration"
150295,"Applications Integration"
150446,"Applications Integration"
150638,"Applications Integration"
150916,"Applications Integration"
150938,"Applications Integration"
151288,"Applications Integration"
151411,"Applications Integration"
151426,"Applications Integration"
151444,"Applications Integration"
151467,"Applications Integration"
151485,"Applications Integration"
151499,"Applications Integration"
151503,"Applications Integration"
151517,"Applications Integration"
151520,"Applications Integration"
151535,"Applications Integration"
151556,"Applications Integration"
151575,"Applications Integration"
151595,"Applications Integration"
151608,"Applications Integration"
151611,"Applications Integration"
180014,"Applications Integration"
180030,"Applications Integration"
180034,"Applications Integration"
190010,"Applications Integration"
190016,"Applications Integration"
190029,"Applications Integration"
190032,"Applications Integration"
190045,"Applications Integration"
190048,"Applications Integration"
190064,"Applications Integration"
190067,"Applications Integration"
190082,"Applications Integration"
190097,"Applications Integration"
210024,"Applications Integration"
210027,"Applications Integration"
210038,"Applications Integration"
210041,"Applications Integration"
140015,"Applications Support and Enhancement"
140078,"Applications Support and Enhancement"
140882,"Applications Support and Enhancement"
140887,"Applications Support and Enhancement"
140901,"Applications Support and Enhancement"
140905,"Applications Support and Enhancement"
140925,"Applications Support and Enhancement"
140928,"Applications Support and Enhancement"
140945,"Applications Support and Enhancement"
150075,"Applications Support and Enhancement"
150143,"Applications Support and Enhancement"
150162,"Applications Support and Enhancement"
150215,"Applications Support and Enhancement"
150233,"Applications Support and Enhancement"
150318,"Applications Support and Enhancement"
150488,"Applications Support and Enhancement"
150645,"Applications Support and Enhancement"
150918,"Applications Support and Enhancement"
150968,"Applications Support and Enhancement"
151407,"Applications Support and Enhancement"
151412,"Applications Support and Enhancement"
151427,"Applications Support and Enhancement"
151431,"Applications Support and Enhancement"
151446,"Applications Support and Enhancement"
151468,"Applications Support and Enhancement"
151487,"Applications Support and Enhancement"
151500,"Applications Support and Enhancement"
151505,"Applications Support and Enhancement"
151518,"Applications Support and Enhancement"
151521,"Applications Support and Enhancement"
151536,"Applications Support and Enhancement"
151558,"Applications Support and Enhancement"
151576,"Applications Support and Enhancement"
151596,"Applications Support and Enhancement"
151609,"Applications Support and Enhancement"
151612,"Applications Support and Enhancement"
180001,"Applications Support and Enhancement"
180015,"Applications Support and Enhancement"
180032,"Applications Support and Enhancement"
180036,"Applications Support and Enhancement"
190014,"Applications Support and Enhancement"
190017,"Applications Support and Enhancement"
190030,"Applications Support and Enhancement"
190033,"Applications Support and Enhancement"
190046,"Applications Support and Enhancement"
190049,"Applications Support and Enhancement"
190065,"Applications Support and Enhancement"
190068,"Applications Support and Enhancement"
190086,"Applications Support and Enhancement"
190098,"Applications Support and Enhancement"
210025,"Applications Support and Enhancement"
210028,"Applications Support and Enhancement"
210039,"Applications Support and Enhancement"
210042,"Applications Support and Enhancement"
150525,"Audit Compliance"
151472,"Audit Compliance"
151581,"Audit Compliance"
160148,"Audit Compliance"
170208,"Audit Compliance"
171010,"Audit Compliance"
171013,"Audit Compliance"
171029,"Audit Compliance"
171032,"Audit Compliance"
171045,"Audit Compliance"
171048,"Audit Compliance"
180002,"Audit Compliance"
180019,"Audit Compliance"
180033,"Audit Compliance"
180037,"Audit Compliance"
190015,"Audit Compliance"
190031,"Audit Compliance"
210029,"Audit Compliance"
210043,"Audit Compliance"
151476,"Audit Frameworks"
151582,"Audit Frameworks"
160155,"Audit Frameworks"
170215,"Audit Frameworks"
171011,"Audit Frameworks"
171014,"Audit Frameworks"
171030,"Audit Frameworks"
171033,"Audit Frameworks"
171046,"Audit Frameworks"
180020,"Audit Frameworks"
180034,"Audit Frameworks"
210030,"Audit Frameworks"
210044,"Audit Frameworks"
140102,"Budgeting"
140115,"Budgeting"
140888,"Budgeting"
140908,"Budgeting"
140929,"Budgeting"
150076,"Budgeting"
150976,"Budgeting"
151506,"Budgeting"
160212,"Budgeting"
170232,"Budgeting"
171013,"Budgeting"
171016,"Budgeting"
171032,"Budgeting"
171035,"Budgeting"
171048,"Budgeting"
180002,"Budgeting"
180005,"Budgeting"
180022,"Budgeting"
180037,"Budgeting"
190075,"Budgeting"
210032,"Budgeting"
140103,"Business Acumen"
140525,"Business Acumen"
140889,"Business Acumen"
140892,"Business Acumen"
140909,"Business Acumen"
140912,"Business Acumen"
140933,"Business Acumen"
140937,"Business Acumen"
150085,"Business Acumen"
150165,"Business Acumen"
150245,"Business Acumen"
151008,"Business Acumen"
151414,"Business Acumen"
151433,"Business Acumen"
151507,"Business Acumen"
151524,"Business Acumen"
160008,"Business Acumen"
160076,"Business Acumen"
160213,"Business Acumen"
160258,"Business Acumen"
160294,"Business Acumen"
160297,"Business Acumen"
160308,"Business Acumen"
160315,"Business Acumen"
160331,"Business Acumen"
160334,"Business Acumen"
170233,"Business Acumen"
171014,"Business Acumen"
171017,"Business Acumen"
171033,"Business Acumen"
171036,"Business Acumen"
180003,"Business Acumen"
180006,"Business Acumen"
180023,"Business Acumen"
180038,"Business Acumen"
190004,"Business Acumen"
190019,"Business Acumen"
190024,"Business Acumen"
190036,"Business Acumen"
190040,"Business Acumen"
190051,"Business Acumen"
190055,"Business Acumen"
190070,"Business Acumen"
190076,"Business Acumen"
190092,"Business Acumen"
210001,"Business Acumen"
210019,"Business Acumen"
210030,"Business Acumen"
210033,"Business Acumen"
210044,"Business Acumen"
140001,"Business Development"
140108,"Business Development"
140736,"Business Development"
140890,"Business Development"
140893,"Business Development"
140910,"Business Development"
140917,"Business Development"
140934,"Business Development"
140938,"Business Development"
150008,"Business Development"
150095,"Business Development"
150166,"Business Development"
150258,"Business Development"
150356,"Business Development"
150565,"Business Development"
151055,"Business Development"
151415,"Business Development"
151435,"Business Development"
151456,"Business Development"
151508,"Business Development"
151525,"Business Development"
151544,"Business Development"
151564,"Business Development"
160118,"Business Development"
160282,"Business Development"
180004,"Business Development"
180010,"Business Development"
180025,"Business Development"
190005,"Business Development"
190021,"Business Development"
190037,"Business Development"
190052,"Business Development"
190074,"Business Development"
190093,"Business Development"
210034,"Business Development"
140002,"Business Environment Analysis"
140115,"Business Environment Analysis"
140878,"Business Environment Analysis"
140891,"Business Environment Analysis"
140894,"Business Environment Analysis"
140911,"Business Environment Analysis"
140918,"Business Environment Analysis"
140935,"Business Environment Analysis"
140940,"Business Environment Analysis"
150096,"Business Environment Analysis"
150125,"Business Environment Analysis"
150168,"Business Environment Analysis"
150193,"Business Environment Analysis"
150265,"Business Environment Analysis"
150398,"Business Environment Analysis"
150566,"Business Environment Analysis"
150826,"Business Environment Analysis"
151056,"Business Environment Analysis"
151146,"Business Environment Analysis"
151416,"Business Environment Analysis"
151419,"Business Environment Analysis"
151436,"Business Environment Analysis"
151457,"Business Environment Analysis"
151479,"Business Environment Analysis"
151495,"Business Environment Analysis"
151509,"Business Environment Analysis"
151513,"Business Environment Analysis"
151526,"Business Environment Analysis"
151545,"Business Environment Analysis"
151567,"Business Environment Analysis"
151584,"Business Environment Analysis"
151605,"Business Environment Analysis"
160296,"Business Environment Analysis"
160314,"Business Environment Analysis"
160333,"Business Environment Analysis"
180005,"Business Environment Analysis"
180011,"Business Environment Analysis"
180026,"Business Environment Analysis"
190003,"Business Environment Analysis"
190006,"Business Environment Analysis"
190022,"Business Environment Analysis"
190026,"Business Environment Analysis"
190038,"Business Environment Analysis"
190042,"Business Environment Analysis"
190054,"Business Environment Analysis"
190057,"Business Environment Analysis"
190075,"Business Environment Analysis"
190078,"Business Environment Analysis"
190094,"Business Environment Analysis"
210018,"Business Environment Analysis"
210021,"Business Environment Analysis"
210032,"Business Environment Analysis"
210035,"Business Environment Analysis"
140525,"Business Needs Analysis"
140892,"Business Needs Analysis"
140912,"Business Needs Analysis"
140937,"Business Needs Analysis"
150115,"Business Needs Analysis"
150126,"Business Needs Analysis"
150175,"Business Needs Analysis"
150198,"Business Needs Analysis"
150275,"Business Needs Analysis"
150283,"Business Needs Analysis"
150422,"Business Needs Analysis"
150435,"Business Needs Analysis"
150585,"Business Needs Analysis"
150632,"Business Needs Analysis"
150845,"Business Needs Analysis"
151058,"Business Needs Analysis"
151198,"Business Needs Analysis"
151417,"Business Needs Analysis"
151420,"Business Needs Analysis"
151438,"Business Needs Analysis"
151441,"Business Needs Analysis"
151458,"Business Needs Analysis"
151465,"Business Needs Analysis"
151480,"Business Needs Analysis"
151483,"Business Needs Analysis"
151496,"Business Needs Analysis"
151510,"Business Needs Analysis"
151514,"Business Needs Analysis"
151527,"Business Needs Analysis"
151533,"Business Needs Analysis"
151546,"Business Needs Analysis"
151549,"Business Needs Analysis"
151568,"Business Needs Analysis"
151573,"Business Needs Analysis"
151585,"Business Needs Analysis"
151591,"Business Needs Analysis"
151606,"Business Needs Analysis"
180006,"Business Needs Analysis"
180012,"Business Needs Analysis"
180027,"Business Needs Analysis"
190004,"Business Needs Analysis"
190008,"Business Needs Analysis"
190024,"Business Needs Analysis"
190027,"Business Needs Analysis"
190040,"Business Needs Analysis"
190043,"Business Needs Analysis"
190055,"Business Needs Analysis"
190058,"Business Needs Analysis"
190076,"Business Needs Analysis"
190079,"Business Needs Analysis"
190095,"Business Needs Analysis"
210019,"Business Needs Analysis"
210022,"Business Needs Analysis"
210033,"Business Needs Analysis"
210036,"Business Needs Analysis"
140004,"Business Negotiation"
140736,"Business Negotiation"
140880,"Business Negotiation"
140893,"Business Negotiation"
140898,"Business Negotiation"
140917,"Business Negotiation"
140923,"Business Negotiation"
140938,"Business Negotiation"
140942,"Business Negotiation"
150118,"Business Negotiation"
160118,"Business Negotiation"
170866,"Business Negotiation"
171018,"Business Negotiation"
171024,"Business Negotiation"
171038,"Business Negotiation"
171042,"Business Negotiation"
180010,"Business Negotiation"
180013,"Business Negotiation"
180029,"Business Negotiation"
190005,"Business Negotiation"
190025,"Business Negotiation"
190041,"Business Negotiation"
190056,"Business Negotiation"
210037,"Business Negotiation"
140008,"Business Presentation Delivery"
140878,"Business Presentation Delivery"
140881,"Business Presentation Delivery"
140894,"Business Presentation Delivery"
140900,"Business Presentation Delivery"
140918,"Business Presentation Delivery"
140924,"Business Presentation Delivery"
140940,"Business Presentation Delivery"
140944,"Business Presentation Delivery"
150125,"Business Presentation Delivery"
150193,"Business Presentation Delivery"
150282,"Business Presentation Delivery"
151146,"Business Presentation Delivery"
151419,"Business Presentation Delivery"
151440,"Business Presentation Delivery"
151513,"Business Presentation Delivery"
151531,"Business Presentation Delivery"
151548,"Business Presentation Delivery"
160135,"Business Presentation Delivery"
160283,"Business Presentation Delivery"
160299,"Business Presentation Delivery"
171008,"Business Presentation Delivery"
171026,"Business Presentation Delivery"
171043,"Business Presentation Delivery"
180011,"Business Presentation Delivery"
180014,"Business Presentation Delivery"
180030,"Business Presentation Delivery"
190006,"Business Presentation Delivery"
190010,"Business Presentation Delivery"
190026,"Business Presentation Delivery"
190029,"Business Presentation Delivery"
190042,"Business Presentation Delivery"
190045,"Business Presentation Delivery"
190057,"Business Presentation Delivery"
190064,"Business Presentation Delivery"
190078,"Business Presentation Delivery"
190082,"Business Presentation Delivery"
190097,"Business Presentation Delivery"
210024,"Business Presentation Delivery"
210035,"Business Presentation Delivery"
210038,"Business Presentation Delivery"
140879,"Business Requirements Mapping"
150126,"Business Requirements Mapping"
150143,"Business Requirements Mapping"
150198,"Business Requirements Mapping"
150283,"Business Requirements Mapping"
150435,"Business Requirements Mapping"
150632,"Business Requirements Mapping"
150918,"Business Requirements Mapping"
151198,"Business Requirements Mapping"
151407,"Business Requirements Mapping"
151420,"Business Requirements Mapping"
151441,"Business Requirements Mapping"
151465,"Business Requirements Mapping"
151483,"Business Requirements Mapping"
151500,"Business Requirements Mapping"
151514,"Business Requirements Mapping"
151533,"Business Requirements Mapping"
151549,"Business Requirements Mapping"
151573,"Business Requirements Mapping"
151591,"Business Requirements Mapping"
151609,"Business Requirements Mapping"
171009,"Business Requirements Mapping"
171023,"Business Requirements Mapping"
171027,"Business Requirements Mapping"
171041,"Business Requirements Mapping"
180012,"Business Requirements Mapping"
180015,"Business Requirements Mapping"
180032,"Business Requirements Mapping"
190008,"Business Requirements Mapping"
190014,"Business Requirements Mapping"
190027,"Business Requirements Mapping"
190030,"Business Requirements Mapping"
190043,"Business Requirements Mapping"
190046,"Business Requirements Mapping"
190058,"Business Requirements Mapping"
190065,"Business Requirements Mapping"
190079,"Business Requirements Mapping"
190086,"Business Requirements Mapping"
190098,"Business Requirements Mapping"
210022,"Business Requirements Mapping"
210025,"Business Requirements Mapping"
210036,"Business Requirements Mapping"
210039,"Business Requirements Mapping"
140025,"Business Risk Management"
140880,"Business Risk Management"
140898,"Business Risk Management"
140923,"Business Risk Management"
140942,"Business Risk Management"
160143,"Business Risk Management"
160286,"Business Risk Management"
160301,"Business Risk Management"
170208,"Business Risk Management"
171010,"Business Risk Management"
171029,"Business Risk Management"
171042,"Business Risk Management"
171045,"Business Risk Management"
180013,"Business Risk Management"
180033,"Business Risk Management"
190015,"Business Risk Management"
190031,"Business Risk Management"
190047,"Business Risk Management"
190066,"Business Risk Management"
190087,"Business Risk Management"
210040,"Business Risk Management"
140881,"Call Centre Management"
150695,"Call Centre Management"
151489,"Call Centre Management"
151598,"Call Centre Management"
160145,"Call Centre Management"
160155,"Call Centre Management"
160287,"Call Centre Management"
160290,"Call Centre Management"
160302,"Call Centre Management"
160305,"Call Centre Management"
160324,"Call Centre Management"
160328,"Call Centre Management"
160339,"Call Centre Management"
210024,"Call Centre Management"
210027,"Call Centre Management"
210038,"Call Centre Management"
210041,"Call Centre Management"
140078,"Collaboration"
140882,"Collaboration"
140887,"Collaboration"
140901,"Collaboration"
140905,"Collaboration"
140925,"Collaboration"
140928,"Collaboration"
140945,"Collaboration"
150075,"Collaboration"
150143,"Collaboration"
150162,"Collaboration"
150215,"Collaboration"
150233,"Collaboration"
150318,"Collaboration"
150345,"Collaboration"
150488,"Collaboration"
150518,"Collaboration"
150645,"Collaboration"
150705,"Collaboration"
150968,"Collaboration"
151407,"Collaboration"
151412,"Collaboration"
151427,"Collaboration"
151431,"Collaboration"
151446,"Collaboration"
151450,"Collaboration"
151468,"Collaboration"
151471,"Collaboration"
151487,"Collaboration"
151491,"Collaboration"
151505,"Collaboration"
151518,"Collaboration"
151521,"Collaboration"
151536,"Collaboration"
151540,"Collaboration"
151558,"Collaboration"
151561,"Collaboration"
151576,"Collaboration"
151580,"Collaboration"
151596,"Collaboration"
151600,"Collaboration"
151612,"Collaboration"
160146,"Collaboration"
160188,"Collaboration"
160288,"Collaboration"
160291,"Collaboration"
160303,"Collaboration"
160306,"Collaboration"
160325,"Collaboration"
160329,"Collaboration"
170166,"Collaboration"
170216,"Collaboration"
171012,"Collaboration"
171027,"Collaboration"
171031,"Collaboration"
171044,"Collaboration"
171047,"Collaboration"
180001,"Collaboration"
180015,"Collaboration"
180021,"Collaboration"
180036,"Collaboration"
190014,"Collaboration"
190017,"Collaboration"
190030,"Collaboration"
190033,"Collaboration"
190046,"Collaboration"
190049,"Collaboration"
190065,"Collaboration"
190068,"Collaboration"
190086,"Collaboration"
190089,"Collaboration"
210025,"Collaboration"
210028,"Collaboration"
210039,"Collaboration"
210042,"Collaboration"
140102,"Communication"
140883,"Communication"
140888,"Communication"
140903,"Communication"
140908,"Communication"
140926,"Communication"
140929,"Communication"
140947,"Communication"
150076,"Communication"
150148,"Communication"
150163,"Communication"
150216,"Communication"
150238,"Communication"
150342,"Communication"
150348,"Communication"
150512,"Communication"
150525,"Communication"
150655,"Communication"
150765,"Communication"
150976,"Communication"
151410,"Communication"
151413,"Communication"
151428,"Communication"
151432,"Communication"
151447,"Communication"
151451,"Communication"
151469,"Communication"
151472,"Communication"
151488,"Communication"
151492,"Communication"
151506,"Communication"
151519,"Communication"
151523,"Communication"
151537,"Communication"
151541,"Communication"
151559,"Communication"
151562,"Communication"
151578,"Communication"
151581,"Communication"
151597,"Communication"
151601,"Communication"
151613,"Communication"
160148,"Communication"
160212,"Communication"
160289,"Communication"
160293,"Communication"
160304,"Communication"
160307,"Communication"
160326,"Communication"
160330,"Communication"
170208,"Communication"
170232,"Communication"
171013,"Communication"
171029,"Communication"
171032,"Communication"
171045,"Communication"
171048,"Communication"
180002,"Communication"
180019,"Communication"
180022,"Communication"
180037,"Communication"
190015,"Communication"
190018,"Communication"
190031,"Communication"
190035,"Communication"
190047,"Communication"
190050,"Communication"
190066,"Communication"
190069,"Communication"
190087,"Communication"
190091,"Communication"
210026,"Communication"
210029,"Communication"
210040,"Communication"
210043,"Communication"
140103,"Configuration Tracking"
140886,"Configuration Tracking"
140889,"Configuration Tracking"
140904,"Configuration Tracking"
140909,"Configuration Tracking"
140927,"Configuration Tracking"
140933,"Configuration Tracking"
140948,"Configuration Tracking"
150085,"Configuration Tracking"
150155,"Configuration Tracking"
150165,"Configuration Tracking"
150232,"Configuration Tracking"
150245,"Configuration Tracking"
150343,"Configuration Tracking"
150355,"Configuration Tracking"
150513,"Configuration Tracking"
150555,"Configuration Tracking"
150695,"Configuration Tracking"
150776,"Configuration Tracking"
151008,"Configuration Tracking"
151411,"Configuration Tracking"
151414,"Configuration Tracking"
151430,"Configuration Tracking"
151433,"Configuration Tracking"
151448,"Configuration Tracking"
151452,"Configuration Tracking"
151470,"Configuration Tracking"
151476,"Configuration Tracking"
151489,"Configuration Tracking"
151493,"Configuration Tracking"
151507,"Configuration Tracking"
151520,"Configuration Tracking"
151524,"Configuration Tracking"
151539,"Configuration Tracking"
151543,"Configuration Tracking"
151560,"Configuration Tracking"
151563,"Configuration Tracking"
151579,"Configuration Tracking"
151582,"Configuration Tracking"
151598,"Configuration Tracking"
151602,"Configuration Tracking"
180003,"Configuration Tracking"
180020,"Configuration Tracking"
180023,"Configuration Tracking"
180038,"Configuration Tracking"
190016,"Configuration Tracking"
190019,"Configuration Tracking"
190032,"Configuration Tracking"
190036,"Configuration Tracking"
190048,"Configuration Tracking"
190051,"Configuration Tracking"
190067,"Configuration Tracking"
190070,"Configuration Tracking"
190088,"Configuration Tracking"
190092,"Configuration Tracking"
210001,"Configuration Tracking"
210027,"Configuration Tracking"
210030,"Configuration Tracking"
210041,"Configuration Tracking"
210044,"Configuration Tracking"
140001,"Customer Acquisition Management"
140108,"Customer Acquisition Management"
140887,"Customer Acquisition Management"
140890,"Customer Acquisition Management"
140905,"Customer Acquisition Management"
140910,"Customer Acquisition Management"
140928,"Customer Acquisition Management"
140934,"Customer Acquisition Management"
150162,"Customer Acquisition Management"
150233,"Customer Acquisition Management"
151412,"Customer Acquisition Management"
151431,"Customer Acquisition Management"
151521,"Customer Acquisition Management"
151540,"Customer Acquisition Management"
180001,"Customer Acquisition Management"
180004,"Customer Acquisition Management"
180021,"Customer Acquisition Management"
180025,"Customer Acquisition Management"
190017,"Customer Acquisition Management"
140002,"Customer Relationship Management"
140115,"Customer Relationship Management"
140888,"Customer Relationship Management"
140891,"Customer Relationship Management"
140908,"Customer Relationship Management"
140911,"Customer Relationship Management"
140929,"Customer Relationship Management"
140935,"Customer Relationship Management"
150163,"Customer Relationship Management"
150238,"Customer Relationship Management"
150348,"Customer Relationship Management"
150525,"Customer Relationship Management"
150765,"Customer Relationship Management"
151413,"Customer Relationship Management"
151432,"Customer Relationship Management"
151451,"Customer Relationship Management"
151472,"Customer Relationship Management"
151492,"Customer Relationship Management"
151523,"Customer Relationship Management"
151541,"Customer Relationship Management"
151562,"Customer Relationship Management"
151581,"Customer Relationship Management"
151601,"Customer Relationship Management"
160075,"Customer Relationship Management"
160225,"Customer Relationship Management"
160296,"Customer Relationship Management"
160314,"Customer Relationship Management"
160333,"Customer Relationship Management"
180002,"Customer Relationship Management"
180005,"Customer Relationship Management"
180022,"Customer Relationship Management"
180026,"Customer Relationship Management"
190003,"Customer Relationship Management"
190018,"Customer Relationship Management"
190022,"Customer Relationship Management"
190035,"Customer Relationship Management"
190038,"Customer Relationship Management"
190050,"Customer Relationship Management"
190054,"Customer Relationship Management"
190069,"Customer Relationship Management"
190075,"Customer Relationship Management"
190091,"Customer Relationship Management"
190094,"Customer Relationship Management"
210018,"Customer Relationship Management"
210029,"Customer Relationship Management"
210032,"Customer Relationship Management"
210043,"Customer Relationship Management"
140003,"Data Analytics"
140525,"Data Analytics"
140889,"Data Analytics"
140892,"Data Analytics"
140909,"Data Analytics"
140912,"Data Analytics"
140933,"Data Analytics"
140937,"Data Analytics"
150115,"Data Analytics"
150165,"Data Analytics"
150175,"Data Analytics"
150245,"Data Analytics"
150275,"Data Analytics"
150355,"Data Analytics"
150422,"Data Analytics"
150555,"Data Analytics"
150585,"Data Analytics"
150776,"Data Analytics"
150845,"Data Analytics"
151058,"Data Analytics"
151414,"Data Analytics"
151417,"Data Analytics"
151433,"Data Analytics"
151438,"Data Analytics"
151452,"Data Analytics"
151458,"Data Analytics"
151476,"Data Analytics"
151480,"Data Analytics"
151493,"Data Analytics"
151496,"Data Analytics"
151510,"Data Analytics"
151524,"Data Analytics"
151527,"Data Analytics"
151543,"Data Analytics"
151546,"Data Analytics"
151563,"Data Analytics"
151568,"Data Analytics"
151582,"Data Analytics"
151585,"Data Analytics"
151602,"Data Analytics"
151606,"Data Analytics"
160213,"Data Analytics"
160294,"Data Analytics"
160308,"Data Analytics"
170233,"Data Analytics"
170655,"Data Analytics"
171017,"Data Analytics"
171033,"Data Analytics"
171036,"Data Analytics"
180003,"Data Analytics"
180006,"Data Analytics"
180023,"Data Analytics"
180027,"Data Analytics"
190004,"Data Analytics"
190019,"Data Analytics"
190024,"Data Analytics"
190036,"Data Analytics"
190040,"Data Analytics"
190051,"Data Analytics"
190055,"Data Analytics"
190070,"Data Analytics"
190076,"Data Analytics"
190092,"Data Analytics"
190095,"Data Analytics"
210001,"Data Analytics"
210019,"Data Analytics"
210030,"Data Analytics"
210033,"Data Analytics"
210044,"Data Analytics"
140001,"Database Administration"
140004,"Database Administration"
140736,"Database Administration"
140890,"Database Administration"
140893,"Database Administration"
140910,"Database Administration"
140917,"Database Administration"
140934,"Database Administration"
140938,"Database Administration"
150118,"Database Administration"
150166,"Database Administration"
150192,"Database Administration"
150258,"Database Administration"
150356,"Database Administration"
150565,"Database Administration"
150796,"Database Administration"
151118,"Database Administration"
151415,"Database Administration"
151418,"Database Administration"
151435,"Database Administration"
151456,"Database Administration"
151477,"Database Administration"
151494,"Database Administration"
151512,"Database Administration"
151525,"Database Administration"
151544,"Database Administration"
151564,"Database Administration"
151583,"Database Administration"
151603,"Database Administration"
160218,"Database Administration"
160295,"Database Administration"
170866,"Database Administration"
171018,"Database Administration"
171038,"Database Administration"
180004,"Database Administration"
180010,"Database Administration"
180025,"Database Administration"
180029,"Database Administration"
190005,"Database Administration"
190021,"Database Administration"
190025,"Database Administration"
190037,"Database Administration"
190041,"Database Administration"
190052,"Database Administration"
190056,"Database Administration"
190074,"Database Administration"
190077,"Database Administration"
190093,"Database Administration"
190096,"Database Administration"
210017,"Database Administration"
210020,"Database Administration"
210031,"Database Administration"
210034,"Database Administration"
140008,"Developing People"
140878,"Developing People"
140894,"Developing People"
140918,"Developing People"
140940,"Developing People"
150916,"Developing People"
151499,"Developing People"
151590,"Developing People"
151608,"Developing People"
160135,"Developing People"
160225,"Developing People"
160283,"Developing People"
160296,"Developing People"
160299,"Developing People"
160314,"Developing People"
160317,"Developing People"
160333,"Developing People"
160336,"Developing People"
171035,"Developing People"
180005,"Developing People"
190022,"Developing People"
140003,"Digital Fluency"
140015,"Digital Fluency"
140879,"Digital Fluency"
140892,"Digital Fluency"
140895,"Digital Fluency"
140912,"Digital Fluency"
140919,"Digital Fluency"
140937,"Digital Fluency"
140941,"Digital Fluency"
150126,"Digital Fluency"
150175,"Digital Fluency"
150198,"Digital Fluency"
150275,"Digital Fluency"
150283,"Digital Fluency"
150422,"Digital Fluency"
150435,"Digital Fluency"
150585,"Digital Fluency"
150632,"Digital Fluency"
150845,"Digital Fluency"
150918,"Digital Fluency"
151198,"Digital Fluency"
151417,"Digital Fluency"
151420,"Digital Fluency"
151438,"Digital Fluency"
151441,"Digital Fluency"
151458,"Digital Fluency"
151465,"Digital Fluency"
151480,"Digital Fluency"
151483,"Digital Fluency"
151496,"Digital Fluency"
151500,"Digital Fluency"
151514,"Digital Fluency"
151527,"Digital Fluency"
151533,"Digital Fluency"
151546,"Digital Fluency"
151549,"Digital Fluency"
151568,"Digital Fluency"
151573,"Digital Fluency"
151585,"Digital Fluency"
151591,"Digital Fluency"
151606,"Digital Fluency"
151609,"Digital Fluency"
160142,"Digital Fluency"
160258,"Digital Fluency"
160284,"Digital Fluency"
160297,"Digital Fluency"
160300,"Digital Fluency"
160315,"Digital Fluency"
160318,"Digital Fluency"
160334,"Digital Fluency"
160337,"Digital Fluency"
170655,"Digital Fluency"
171009,"Digital Fluency"
171023,"Digital Fluency"
171036,"Digital Fluency"
171041,"Digital Fluency"
180006,"Digital Fluency"
180012,"Digital Fluency"
180027,"Digital Fluency"
180032,"Digital Fluency"
190008,"Digital Fluency"
190024,"Digital Fluency"
190027,"Digital Fluency"
190040,"Digital Fluency"
190043,"Digital Fluency"
190055,"Digital Fluency"
190058,"Digital Fluency"
190076,"Digital Fluency"
190079,"Digital Fluency"
190095,"Digital Fluency"
190098,"Digital Fluency"
210019,"Digital Fluency"
210022,"Digital Fluency"
210033,"Digital Fluency"
210036,"Digital Fluency"
160143,"Employee Communication Management"
160282,"Employee Communication Management"
160286,"Employee Communication Management"
160298,"Employee Communication Management"
160301,"Employee Communication Management"
160316,"Employee Communication Management"
160323,"Employee Communication Management"
160335,"Employee Communication Management"
160338,"Employee Communication Management"
160145,"Employee Engagement Management"
160283,"Employee Engagement Management"
160287,"Employee Engagement Management"
160299,"Employee Engagement Management"
160302,"Employee Engagement Management"
160317,"Employee Engagement Management"
160324,"Employee Engagement Management"
160336,"Employee Engagement Management"
160339,"Employee Engagement Management"
140015,"Finance Business Partnering"
160284,"Finance Business Partnering"
170166,"Finance Business Partnering"
171009,"Finance Business Partnering"
171012,"Finance Business Partnering"
171027,"Finance Business Partnering"
171041,"Finance Business Partnering"
171044,"Finance Business Partnering"
180012,"Finance Business Partnering"
140025,"Financial Acumen"
140102,"Financial Acumen"
140883,"Financial Acumen"
140898,"Financial Acumen"
140903,"Financial Acumen"
140923,"Financial Acumen"
140926,"Financial Acumen"
140942,"Financial Acumen"
140947,"Financial Acumen"
150205,"Financial Acumen"
151425,"Financial Acumen"
151534,"Financial Acumen"
170208,"Financial Acumen"
171010,"Financial Acumen"
171013,"Financial Acumen"
171029,"Financial Acumen"
171042,"Financial Acumen"
171045,"Financial Acumen"
180013,"Financial Acumen"
180019,"Financial Acumen"
180033,"Financial Acumen"
180037,"Financial Acumen"
170215,"Financial Closing"
171011,"Financial Closing"
171014,"Financial Closing"
171030,"Financial Closing"
171043,"Financial Closing"
171046,"Financial Closing"
140108,"Financial Management"
140928,"Financial Management"
150215,"Financial Management"
150318,"Financial Management"
151427,"Financial Management"
151446,"Financial Management"
151536,"Financial Management"
151558,"Financial Management"
160288,"Financial Management"
160303,"Financial Management"
170166,"Financial Management"
170216,"Financial Management"
171012,"Financial Management"
171015,"Financial Management"
171031,"Financial Management"
171044,"Financial Management"
171047,"Financial Management"
180001,"Financial Management"
180015,"Financial Management"
180021,"Financial Management"
180036,"Financial Management"
170208,"Financial Planning"
170232,"Financial Planning"
171013,"Financial Planning"
171016,"Financial Planning"
171032,"Financial Planning"
171045,"Financial Planning"
171048,"Financial Planning"
170215,"Financial Reporting"
170233,"Financial Reporting"
171014,"Financial Reporting"
171017,"Financial Reporting"
171033,"Financial Reporting"
171046,"Financial Reporting"
140001,"Financial Statements Analysis"
140736,"Financial Statements Analysis"
140890,"Financial Statements Analysis"
140910,"Financial Statements Analysis"
140934,"Financial Statements Analysis"
150233,"Financial Statements Analysis"
160291,"Financial Statements Analysis"
160306,"Financial Statements Analysis"
170216,"Financial Statements Analysis"
170238,"Financial Statements Analysis"
171015,"Financial Statements Analysis"
171018,"Financial Statements Analysis"
171034,"Financial Statements Analysis"
171047,"Financial Statements Analysis"
180001,"Financial Statements Analysis"
180004,"Financial Statements Analysis"
180021,"Financial Statements Analysis"
180025,"Financial Statements Analysis"
170232,"Financial Transactions"
170245,"Financial Transactions"
171016,"Financial Transactions"
171022,"Financial Transactions"
171035,"Financial Transactions"
171048,"Financial Transactions"
160076,"Human Resource Advisory"
160142,"Human Resource Advisory"
160258,"Human Resource Advisory"
160294,"Human Resource Advisory"
160297,"Human Resource Advisory"
160308,"Human Resource Advisory"
160315,"Human Resource Advisory"
160331,"Human Resource Advisory"
160334,"Human Resource Advisory"
180003,"Human Resource Advisory"
180006,"Human Resource Advisory"
180023,"Human Resource Advisory"
180027,"Human Resource Advisory"
160118,"Human Resource Practices Implementation"
160143,"Human Resource Practices Implementation"
160282,"Human Resource Practices Implementation"
160295,"Human Resource Practices Implementation"
160298,"Human Resource Practices Implementation"
160313,"Human Resource Practices Implementation"
160316,"Human Resource Practices Implementation"
160332,"Human Resource Practices Implementation"
160335,"Human Resource Practices Implementation"
180004,"Human Resource Practices Implementation"
180010,"Human Resource Practices Implementation"
180025,"Human Resource Practices Implementation"
180029,"Human Resource Practices Implementation"
160135,"Human Resource Strategy Formulation"
160145,"Human Resource Strategy Formulation"
160283,"Human Resource Strategy Formulation"
160296,"Human Resource Strategy Formulation"
160299,"Human Resource Strategy Formulation"
160314,"Human Resource Strategy Formulation"
160317,"Human Resource Strategy Formulation"
160333,"Human Resource Strategy Formulation"
160336,"Human Resource Strategy Formulation"
180005,"Human Resource Strategy Formulation"
180011,"Human Resource Strategy Formulation"
180026,"Human Resource Strategy Formulation"
180030,"Human Resource Strategy Formulation"
160142,"Human Resource Systems Management"
160146,"Human Resource Systems Management"
160284,"Human Resource Systems Management"
160297,"Human Resource Systems Management"
160300,"Human Resource Systems Management"
160315,"Human Resource Systems Management"
160318,"Human Resource Systems Management"
160334,"Human Resource Systems Management"
160337,"Human Resource Systems Management"
180006,"Human Resource Systems Management"
180012,"Human Resource Systems Management"
180027,"Human Resource Systems Management"
180032,"Human Resource Systems Management"
190008,"Human Resource Systems Management"
190014,"Human Resource Systems Management"
190027,"Human Resource Systems Management"
190043,"Human Resource Systems Management"
190058,"Human Resource Systems Management"
190079,"Human Resource Systems Management"
190095,"Human Resource Systems Management"
190098,"Human Resource Systems Management"
210019,"Human Resource Systems Management"
210022,"Human Resource Systems Management"
210033,"Human Resource Systems Management"
210036,"Human Resource Systems Management"
150138,"Infrastructure Deployment"
150205,"Infrastructure Deployment"
150276,"Infrastructure Deployment"
150288,"Infrastructure Deployment"
150423,"Infrastructure Deployment"
150445,"Infrastructure Deployment"
150608,"Infrastructure Deployment"
150633,"Infrastructure Deployment"
150866,"Infrastructure Deployment"
151266,"Infrastructure Deployment"
151425,"Infrastructure Deployment"
151439,"Infrastructure Deployment"
151443,"Infrastructure Deployment"
151459,"Infrastructure Deployment"
151466,"Infrastructure Deployment"
151481,"Infrastructure Deployment"
151484,"Infrastructure Deployment"
151498,"Infrastructure Deployment"
151515,"Infrastructure Deployment"
151534,"Infrastructure Deployment"
151547,"Infrastructure Deployment"
151550,"Infrastructure Deployment"
151570,"Infrastructure Deployment"
151574,"Infrastructure Deployment"
151589,"Infrastructure Deployment"
151607,"Infrastructure Deployment"
180010,"Infrastructure Deployment"
180013,"Infrastructure Deployment"
180029,"Infrastructure Deployment"
180033,"Infrastructure Deployment"
190009,"Infrastructure Deployment"
190015,"Infrastructure Deployment"
190028,"Infrastructure Deployment"
190041,"Infrastructure Deployment"
190044,"Infrastructure Deployment"
190056,"Infrastructure Deployment"
190059,"Infrastructure Deployment"
190077,"Infrastructure Deployment"
190080,"Infrastructure Deployment"
190096,"Infrastructure Deployment"
210020,"Infrastructure Deployment"
210023,"Infrastructure Deployment"
210034,"Infrastructure Deployment"
210037,"Infrastructure Deployment"
140008,"Infrastructure Support"
140918,"Infrastructure Support"
140940,"Infrastructure Support"
150065,"Infrastructure Support"
150142,"Infrastructure Support"
150155,"Infrastructure Support"
150208,"Infrastructure Support"
150282,"Infrastructure Support"
150295,"Infrastructure Support"
150428,"Infrastructure Support"
150446,"Infrastructure Support"
150615,"Infrastructure Support"
150638,"Infrastructure Support"
150916,"Infrastructure Support"
150938,"Infrastructure Support"
151288,"Infrastructure Support"
151426,"Infrastructure Support"
151440,"Infrastructure Support"
151444,"Infrastructure Support"
151464,"Infrastructure Support"
151467,"Infrastructure Support"
151482,"Infrastructure Support"
151485,"Infrastructure Support"
151499,"Infrastructure Support"
151503,"Infrastructure Support"
151517,"Infrastructure Support"
151535,"Infrastructure Support"
151548,"Infrastructure Support"
151556,"Infrastructure Support"
151571,"Infrastructure Support"
151575,"Infrastructure Support"
151590,"Infrastructure Support"
151595,"Infrastructure Support"
151608,"Infrastructure Support"
151611,"Infrastructure Support"
180011,"Infrastructure Support"
180014,"Infrastructure Support"
180030,"Infrastructure Support"
180034,"Infrastructure Support"
190010,"Infrastructure Support"
190016,"Infrastructure Support"
190029,"Infrastructure Support"
190042,"Infrastructure Support"
190045,"Infrastructure Support"
190057,"Infrastructure Support"
190064,"Infrastructure Support"
190078,"Infrastructure Support"
190082,"Infrastructure Support"
190097,"Infrastructure Support"
210021,"Infrastructure Support"
210024,"Infrastructure Support"
210035,"Infrastructure Support"
210038,"Infrastructure Support"
150162,"Learning and Development Programme Management"
151412,"Learning and Development Programme Management"
151521,"Learning and Development Programme Management"
160146,"Learning and Development Programme Management"
160188,"Learning and Development Programme Management"
160288,"Learning and Development Programme Management"
160300,"Learning and Development Programme Management"
160303,"Learning and Development Programme Management"
160318,"Learning and Development Programme Management"
160325,"Learning and Development Programme Management"
160337,"Learning and Development Programme Management"
171009,"Learning and Development Programme Management"
171027,"Learning and Development Programme Management"
180012,"Learning and Development Programme Management"
180015,"Learning and Development Programme Management"
180032,"Learning and Development Programme Management"
210022,"Learning and Development Programme Management"
210025,"Learning and Development Programme Management"
210036,"Learning and Development Programme Management"
210039,"Learning and Development Programme Management"
160148,"Learning Needs Analysis"
160212,"Learning Needs Analysis"
160289,"Learning Needs Analysis"
160301,"Learning Needs Analysis"
160304,"Learning Needs Analysis"
160323,"Learning Needs Analysis"
160326,"Learning Needs Analysis"
160338,"Learning Needs Analysis"
180013,"Learning Needs Analysis"
180019,"Learning Needs Analysis"
180033,"Learning Needs Analysis"
180037,"Learning Needs Analysis"
150065,"Network Administration and Maintenance"
150085,"Network Administration and Maintenance"
150155,"Network Administration and Maintenance"
150165,"Network Administration and Maintenance"
150232,"Network Administration and Maintenance"
150295,"Network Administration and Maintenance"
150343,"Network Administration and Maintenance"
150446,"Network Administration and Maintenance"
150513,"Network Administration and Maintenance"
150638,"Network Administration and Maintenance"
150695,"Network Administration and Maintenance"
150938,"Network Administration and Maintenance"
151008,"Network Administration and Maintenance"
151411,"Network Administration and Maintenance"
151414,"Network Administration and Maintenance"
151430,"Network Administration and Maintenance"
151444,"Network Administration and Maintenance"
151448,"Network Administration and Maintenance"
151467,"Network Administration and Maintenance"
151470,"Network Administration and Maintenance"
151485,"Network Administration and Maintenance"
151489,"Network Administration and Maintenance"
151503,"Network Administration and Maintenance"
151507,"Network Administration and Maintenance"
151520,"Network Administration and Maintenance"
151524,"Network Administration and Maintenance"
151539,"Network Administration and Maintenance"
151556,"Network Administration and Maintenance"
151560,"Network Administration and Maintenance"
151575,"Network Administration and Maintenance"
151579,"Network Administration and Maintenance"
151595,"Network Administration and Maintenance"
151598,"Network Administration and Maintenance"
151611,"Network Administration and Maintenance"
180014,"Network Administration and Maintenance"
180020,"Network Administration and Maintenance"
180034,"Network Administration and Maintenance"
180038,"Network Administration and Maintenance"
190016,"Network Administration and Maintenance"
190019,"Network Administration and Maintenance"
190032,"Network Administration and Maintenance"
190045,"Network Administration and Maintenance"
190048,"Network Administration and Maintenance"
190064,"Network Administration and Maintenance"
190067,"Network Administration and Maintenance"
190082,"Network Administration and Maintenance"
190088,"Network Administration and Maintenance"
210024,"Network Administration and Maintenance"
210027,"Network Administration and Maintenance"
210038,"Network Administration and Maintenance"
210041,"Network Administration and Maintenance"
160065,"Onboarding"
160188,"Onboarding"
160218,"Onboarding"
160291,"Onboarding"
160303,"Onboarding"
160306,"Onboarding"
160325,"Onboarding"
160329,"Onboarding"
160075,"Organisational Design"
160212,"Organisational Design"
160225,"Organisational Design"
160293,"Organisational Design"
160304,"Organisational Design"
160307,"Organisational Design"
160326,"Organisational Design"
160330,"Organisational Design"
140892,"People and Performance Management"
151527,"People and Performance Management"
160008,"People and Performance Management"
160076,"People and Performance Management"
160213,"People and Performance Management"
160258,"People and Performance Management"
160294,"People and Performance Management"
160305,"People and Performance Management"
160308,"People and Performance Management"
160328,"People and Performance Management"
160331,"People and Performance Management"
170215,"People and Performance Management"
180020,"People and Performance Management"
190024,"People and Performance Management"
210027,"People and Performance Management"
140001,"Pricing Strategy"
140108,"Pricing Strategy"
140736,"Pricing Strategy"
140890,"Pricing Strategy"
140893,"Pricing Strategy"
140910,"Pricing Strategy"
140928,"Pricing Strategy"
140934,"Pricing Strategy"
170216,"Pricing Strategy"
180001,"Pricing Strategy"
180004,"Pricing Strategy"
180021,"Pricing Strategy"
180025,"Pricing Strategy"
150096,"Problem Management"
150125,"Problem Management"
150168,"Problem Management"
150193,"Problem Management"
150265,"Problem Management"
150348,"Problem Management"
150398,"Problem Management"
150525,"Problem Management"
150566,"Problem Management"
150765,"Problem Management"
150826,"Problem Management"
151056,"Problem Management"
151146,"Problem Management"
151416,"Problem Management"
151419,"Problem Management"
151436,"Problem Management"
151451,"Problem Management"
151457,"Problem Management"
151472,"Problem Management"
151479,"Problem Management"
151492,"Problem Management"
151495,"Problem Management"
151509,"Problem Management"
151513,"Problem Management"
151526,"Problem Management"
151531,"Problem Management"
151545,"Problem Management"
151562,"Problem Management"
151567,"Problem Management"
151581,"Problem Management"
151584,"Problem Management"
151601,"Problem Management"
151605,"Problem Management"
180002,"Problem Management"
180005,"Problem Management"
180022,"Problem Management"
180026,"Problem Management"
190003,"Problem Management"
190006,"Problem Management"
190022,"Problem Management"
190026,"Problem Management"
190038,"Problem Management"
190050,"Problem Management"
190054,"Problem Management"
190069,"Problem Management"
190075,"Problem Management"
190091,"Problem Management"
190094,"Problem Management"
210018,"Problem Management"
210029,"Problem Management"
210032,"Problem Management"
210043,"Problem Management"
140003,"Problem Solving"
140525,"Problem Solving"
140879,"Problem Solving"
140892,"Problem Solving"
140895,"Problem Solving"
140912,"Problem Solving"
140933,"Problem Solving"
140937,"Problem Solving"
150115,"Problem Solving"
150126,"Problem Solving"
150175,"Problem Solving"
150198,"Problem Solving"
150275,"Problem Solving"
150355,"Problem Solving"
150422,"Problem Solving"
150555,"Problem Solving"
150585,"Problem Solving"
150776,"Problem Solving"
150845,"Problem Solving"
151058,"Problem Solving"
151198,"Problem Solving"
151417,"Problem Solving"
151420,"Problem Solving"
151438,"Problem Solving"
151452,"Problem Solving"
151458,"Problem Solving"
151476,"Problem Solving"
151480,"Problem Solving"
151493,"Problem Solving"
151496,"Problem Solving"
151510,"Problem Solving"
151514,"Problem Solving"
151527,"Problem Solving"
151533,"Problem Solving"
151546,"Problem Solving"
151563,"Problem Solving"
151568,"Problem Solving"
151582,"Problem Solving"
151585,"Problem Solving"
151602,"Problem Solving"
151606,"Problem Solving"
160076,"Problem Solving"
160142,"Problem Solving"
160258,"Problem Solving"
160284,"Problem Solving"
160297,"Problem Solving"
160308,"Problem Solving"
160315,"Problem Solving"
160331,"Problem Solving"
160334,"Problem Solving"
170233,"Problem Solving"
170655,"Problem Solving"
171017,"Problem Solving"
171023,"Problem Solving"
171036,"Problem Solving"
171041,"Problem Solving"
180003,"Problem Solving"
180006,"Problem Solving"
180023,"Problem Solving"
180027,"Problem Solving"
190004,"Problem Solving"
190008,"Problem Solving"
190024,"Problem Solving"
190027,"Problem Solving"
190040,"Problem Solving"
190051,"Problem Solving"
190055,"Problem Solving"
190070,"Problem Solving"
190076,"Problem Solving"
190092,"Problem Solving"
190095,"Problem Solving"
210019,"Problem Solving"
210030,"Problem Solving"
210033,"Problem Solving"
210044,"Problem Solving"
140001,"Product Management"
140004,"Product Management"
140736,"Product Management"
140880,"Product Management"
140893,"Product Management"
140898,"Product Management"
140917,"Product Management"
140934,"Product Management"
140938,"Product Management"
150118,"Product Management"
150138,"Product Management"
150192,"Product Management"
150205,"Product Management"
150276,"Product Management"
150356,"Product Management"
150423,"Product Management"
150565,"Product Management"
150608,"Product Management"
150796,"Product Management"
150866,"Product Management"
151118,"Product Management"
151266,"Product Management"
151418,"Product Management"
151425,"Product Management"
151439,"Product Management"
151456,"Product Management"
151459,"Product Management"
151477,"Product Management"
151481,"Product Management"
151494,"Product Management"
151498,"Product Management"
151512,"Product Management"
151515,"Product Management"
151528,"Product Management"
151534,"Product Management"
151547,"Product Management"
151564,"Product Management"
151570,"Product Management"
151583,"Product Management"
151589,"Product Management"
151603,"Product Management"
151607,"Product Management"
170238,"Product Management"
180004,"Product Management"
180010,"Product Management"
180025,"Product Management"
180029,"Product Management"
190005,"Product Management"
190009,"Product Management"
190025,"Product Management"
190028,"Product Management"
190041,"Product Management"
190052,"Product Management"
190056,"Product Management"
190074,"Product Management"
190077,"Product Management"
190093,"Product Management"
190096,"Product Management"
210020,"Product Management"
210031,"Product Management"
210034,"Product Management"
140002,"Professional and Business Ethics"
140008,"Professional and Business Ethics"
140878,"Professional and Business Ethics"
140881,"Professional and Business Ethics"
140894,"Professional and Business Ethics"
140900,"Professional and Business Ethics"
140918,"Professional and Business Ethics"
140935,"Professional and Business Ethics"
140940,"Professional and Business Ethics"
150125,"Professional and Business Ethics"
150142,"Professional and Business Ethics"
150193,"Professional and Business Ethics"
150208,"Professional and Business Ethics"
150282,"Professional and Business Ethics"
150398,"Professional and Business Ethics"
150428,"Professional and Business Ethics"
150566,"Professional and Business Ethics"
150615,"Professional and Business Ethics"
150826,"Professional and Business Ethics"
150916,"Professional and Business Ethics"
151146,"Professional and Business Ethics"
151288,"Professional and Business Ethics"
151419,"Professional and Business Ethics"
151426,"Professional and Business Ethics"
151440,"Professional and Business Ethics"
151457,"Professional and Business Ethics"
151464,"Professional and Business Ethics"
151479,"Professional and Business Ethics"
151482,"Professional and Business Ethics"
151495,"Professional and Business Ethics"
151499,"Professional and Business Ethics"
151513,"Professional and Business Ethics"
151517,"Professional and Business Ethics"
151531,"Professional and Business Ethics"
151535,"Professional and Business Ethics"
151548,"Professional and Business Ethics"
151567,"Professional and Business Ethics"
151571,"Professional and Business Ethics"
151584,"Professional and Business Ethics"
151590,"Professional and Business Ethics"
151605,"Professional and Business Ethics"
151608,"Professional and Business Ethics"
160135,"Professional and Business Ethics"
160145,"Professional and Business Ethics"
160283,"Professional and Business Ethics"
160287,"Professional and Business Ethics"
160299,"Professional and Business Ethics"
160314,"Professional and Business Ethics"
160317,"Professional and Business Ethics"
160333,"Professional and Business Ethics"
160336,"Professional and Business Ethics"
170245,"Professional and Business Ethics"
171008,"Professional and Business Ethics"
171022,"Professional and Business Ethics"
171026,"Professional and Business Ethics"
171039,"Professional and Business Ethics"
171043,"Professional and Business Ethics"
180005,"Professional and Business Ethics"
180011,"Professional and Business Ethics"
180026,"Professional and Business Ethics"
180030,"Professional and Business Ethics"
190006,"Professional and Business Ethics"
190010,"Professional and Business Ethics"
190026,"Professional and Business Ethics"
190029,"Professional and Business Ethics"
190042,"Professional and Business Ethics"
190054,"Professional and Business Ethics"
190057,"Professional and Business Ethics"
190075,"Professional and Business Ethics"
190078,"Professional and Business Ethics"
190094,"Professional and Business Ethics"
190097,"Professional and Business Ethics"
210021,"Professional and Business Ethics"
210032,"Professional and Business Ethics"
210035,"Professional and Business Ethics"
140003,"Project Management"
140015,"Project Management"
140879,"Project Management"
140882,"Project Management"
140895,"Project Management"
140901,"Project Management"
140919,"Project Management"
140937,"Project Management"
140941,"Project Management"
150126,"Project Management"
150143,"Project Management"
150198,"Project Management"
150215,"Project Management"
150283,"Project Management"
150422,"Project Management"
150435,"Project Management"
150585,"Project Management"
150632,"Project Management"
150845,"Project Management"
150918,"Project Management"
151198,"Project Management"
151407,"Project Management"
151420,"Project Management"
151427,"Project Management"
151441,"Project Management"
151458,"Project Management"
151465,"Project Management"
151480,"Project Management"
151483,"Project Management"
151496,"Project Management"
151500,"Project Management"
151514,"Project Management"
151518,"Project Management"
151533,"Project Management"
151536,"Project Management"
151549,"Project Management"
151568,"Project Management"
151573,"Project Management"
151585,"Project Management"
151591,"Project Management"
151606,"Project Management"
151609,"Project Management"
160142,"Project Management"
160146,"Project Management"
160284,"Project Management"
160288,"Project Management"
160300,"Project Management"
160315,"Project Management"
160318,"Project Management"
160334,"Project Management"
160337,"Project Management"
170655,"Project Management"
171009,"Project Management"
171023,"Project Management"
171027,"Project Management"
171041,"Project Management"
171044,"Project Management"
180006,"Project Management"
180012,"Project Management"
180027,"Project Management"
180032,"Project Management"
190008,"Project Management"
190014,"Project Management"
190027,"Project Management"
190030,"Project Management"
190043,"Project Management"
190055,"Project Management"
190058,"Project Management"
190076,"Project Management"
190079,"Project Management"
190095,"Project Management"
190098,"Project Management"
210022,"Project Management"
210033,"Project Management"
210036,"Project Management"
150138,"Regulatory Compliance"
150148,"Regulatory Compliance"
150205,"Regulatory Compliance"
150216,"Regulatory Compliance"
150288,"Regulatory Compliance"
150423,"Regulatory Compliance"
150445,"Regulatory Compliance"
150608,"Regulatory Compliance"
150633,"Regulatory Compliance"
150866,"Regulatory Compliance"
150935,"Regulatory Compliance"
151266,"Regulatory Compliance"
151408,"Regulatory Compliance"
151410,"Regulatory Compliance"
151425,"Regulatory Compliance"
151428,"Regulatory Compliance"
151443,"Regulatory Compliance"
151459,"Regulatory Compliance"
151466,"Regulatory Compliance"
151481,"Regulatory Compliance"
151484,"Regulatory Compliance"
151498,"Regulatory Compliance"
151502,"Regulatory Compliance"
151515,"Regulatory Compliance"
151519,"Regulatory Compliance"
151534,"Regulatory Compliance"
151537,"Regulatory Compliance"
151550,"Regulatory Compliance"
151570,"Regulatory Compliance"
151574,"Regulatory Compliance"
151589,"Regulatory Compliance"
151593,"Regulatory Compliance"
151607,"Regulatory Compliance"
151610,"Regulatory Compliance"
180011,"Regulatory Risk Assessment"
180014,"Regulatory Risk Assessment"
180030,"Regulatory Risk Assessment"
180034,"Regulatory Risk Assessment"
180012,"Regulatory Strategy"
180015,"Regulatory Strategy"
180032,"Regulatory Strategy"
180036,"Regulatory Strategy"
140025,"Sales Closure"
140102,"Sales Closure"
140883,"Sales Closure"
140888,"Sales Closure"
140903,"Sales Closure"
140908,"Sales Closure"
140926,"Sales Closure"
140942,"Sales Closure"
140947,"Sales Closure"
180013,"Sales Closure"
180019,"Sales Closure"
180033,"Sales Closure"
180037,"Sales Closure"
140036,"Sales Strategy"
140103,"Sales Strategy"
140886,"Sales Strategy"
140889,"Sales Strategy"
140904,"Sales Strategy"
140909,"Sales Strategy"
140927,"Sales Strategy"
140944,"Sales Strategy"
140948,"Sales Strategy"
150065,"Sales Strategy"
150446,"Sales Strategy"
150638,"Sales Strategy"
150938,"Sales Strategy"
151467,"Sales Strategy"
151485,"Sales Strategy"
151575,"Sales Strategy"
151595,"Sales Strategy"
180014,"Sales Strategy"
180020,"Sales Strategy"
180034,"Sales Strategy"
180038,"Sales Strategy"
190016,"Sales Strategy"
190019,"Sales Strategy"
190032,"Sales Strategy"
190036,"Sales Strategy"
190048,"Sales Strategy"
190064,"Sales Strategy"
190067,"Sales Strategy"
190082,"Sales Strategy"
190088,"Sales Strategy"
150008,"Security Administration"
150075,"Security Administration"
150095,"Security Administration"
150162,"Security Administration"
150166,"Security Administration"
150233,"Security Administration"
150258,"Security Administration"
150345,"Security Administration"
150488,"Security Administration"
150518,"Security Administration"
150645,"Security Administration"
150705,"Security Administration"
150968,"Security Administration"
151055,"Security Administration"
151412,"Security Administration"
151415,"Security Administration"
151431,"Security Administration"
151435,"Security Administration"
151450,"Security Administration"
151468,"Security Administration"
151471,"Security Administration"
151487,"Security Administration"
151491,"Security Administration"
151505,"Security Administration"
151508,"Security Administration"
151521,"Security Administration"
151525,"Security Administration"
151540,"Security Administration"
151544,"Security Administration"
151561,"Security Administration"
151576,"Security Administration"
151580,"Security Administration"
151596,"Security Administration"
151600,"Security Administration"
151612,"Security Administration"
180001,"Security Administration"
180015,"Security Administration"
180021,"Security Administration"
180036,"Security Administration"
190017,"Security Administration"
190021,"Security Administration"
190033,"Security Administration"
190037,"Security Administration"
190049,"Security Administration"
190065,"Security Administration"
190068,"Security Administration"
190086,"Security Administration"
190089,"Security Administration"
210017,"Security Administration"
210028,"Security Administration"
210039,"Security Administration"
210042,"Security Administration"
140102,"Sense Making"
140115,"Sense Making"
140888,"Sense Making"
140891,"Sense Making"
140908,"Sense Making"
140911,"Sense Making"
140929,"Sense Making"
140947,"Sense Making"
150076,"Sense Making"
150096,"Sense Making"
150163,"Sense Making"
150168,"Sense Making"
150238,"Sense Making"
150265,"Sense Making"
150348,"Sense Making"
150512,"Sense Making"
150525,"Sense Making"
150655,"Sense Making"
150765,"Sense Making"
150976,"Sense Making"
151056,"Sense Making"
151413,"Sense Making"
151416,"Sense Making"
151432,"Sense Making"
151436,"Sense Making"
151451,"Sense Making"
151469,"Sense Making"
151472,"Sense Making"
151488,"Sense Making"
151492,"Sense Making"
151506,"Sense Making"
151509,"Sense Making"
151523,"Sense Making"
151526,"Sense Making"
151541,"Sense Making"
151545,"Sense Making"
151562,"Sense Making"
151578,"Sense Making"
151581,"Sense Making"
151597,"Sense Making"
151601,"Sense Making"
151613,"Sense Making"
160075,"Sense Making"
160212,"Sense Making"
160225,"Sense Making"
160293,"Sense Making"
160296,"Sense Making"
160307,"Sense Making"
160326,"Sense Making"
160330,"Sense Making"
170208,"Sense Making"
170232,"Sense Making"
171013,"Sense Making"
171016,"Sense Making"
171032,"Sense Making"
171035,"Sense Making"
171048,"Sense Making"
180002,"Sense Making"
180019,"Sense Making"
180022,"Sense Making"
180037,"Sense Making"
190003,"Sense Making"
190018,"Sense Making"
190022,"Sense Making"
190035,"Sense Making"
190038,"Sense Making"
190050,"Sense Making"
190066,"Sense Making"
190069,"Sense Making"
190087,"Sense Making"
190091,"Sense Making"
210018,"Sense Making"
210029,"Sense Making"
210040,"Sense Making"
210043,"Sense Making"
140103,"Service Level Management"
140525,"Service Level Management"
140889,"Service Level Management"
140892,"Service Level Management"
140909,"Service Level Management"
140912,"Service Level Management"
140933,"Service Level Management"
140948,"Service Level Management"
150085,"Service Level Management"
150115,"Service Level Management"
150165,"Service Level Management"
150175,"Service Level Management"
150245,"Service Level Management"
150275,"Service Level Management"
150355,"Service Level Management"
150513,"Service Level Management"
150555,"Service Level Management"
150695,"Service Level Management"
150776,"Service Level Management"
151008,"Service Level Management"
151058,"Service Level Management"
151414,"Service Level Management"
151417,"Service Level Management"
151433,"Service Level Management"
151438,"Service Level Management"
151452,"Service Level Management"
151470,"Service Level Management"
151476,"Service Level Management"
151489,"Service Level Management"
151493,"Service Level Management"
151507,"Service Level Management"
151510,"Service Level Management"
151524,"Service Level Management"
151527,"Service Level Management"
151543,"Service Level Management"
151546,"Service Level Management"
151563,"Service Level Management"
151579,"Service Level Management"
151582,"Service Level Management"
151598,"Service Level Management"
151602,"Service Level Management"
180003,"Service Level Management"
180020,"Service Level Management"
180023,"Service Level Management"
180038,"Service Level Management"
190004,"Service Level Management"
190019,"Service Level Management"
190024,"Service Level Management"
190036,"Service Level Management"
190040,"Service Level Management"
190051,"Service Level Management"
190067,"Service Level Management"
190070,"Service Level Management"
190088,"Service Level Management"
190092,"Service Level Management"
160065,"Skills Framework Adoption"
160118,"Skills Framework Adoption"
160218,"Skills Framework Adoption"
160282,"Skills Framework Adoption"
160295,"Skills Framework Adoption"
160313,"Skills Framework Adoption"
160329,"Skills Framework Adoption"
160332,"Skills Framework Adoption"
180001,"Skills Framework Adoption"
180004,"Skills Framework Adoption"
180021,"Skills Framework Adoption"
180025,"Skills Framework Adoption"
150096,"Software Configuration"
150125,"Software Configuration"
150168,"Software Configuration"
150193,"Software Configuration"
150265,"Software Configuration"
150282,"Software Configuration"
150398,"Software Configuration"
150525,"Software Configuration"
150566,"Software Configuration"
150765,"Software Configuration"
150826,"Software Configuration"
151056,"Software Configuration"
151146,"Software Configuration"
151416,"Software Configuration"
151419,"Software Configuration"
151436,"Software Configuration"
151440,"Software Configuration"
151457,"Software Configuration"
151472,"Software Configuration"
151479,"Software Configuration"
151492,"Software Configuration"
151495,"Software Configuration"
151509,"Software Configuration"
151513,"Software Configuration"
151526,"Software Configuration"
151531,"Software Configuration"
151545,"Software Configuration"
151548,"Software Configuration"
151567,"Software Configuration"
151581,"Software Configuration"
151584,"Software Configuration"
151601,"Software Configuration"
151605,"Software Configuration"
180002,"Software Configuration"
180005,"Software Configuration"
180022,"Software Configuration"
180026,"Software Configuration"
190003,"Software Configuration"
190006,"Software Configuration"
190022,"Software Configuration"
190026,"Software Configuration"
190038,"Software Configuration"
190042,"Software Configuration"
190054,"Software Configuration"
190069,"Software Configuration"
190075,"Software Configuration"
190091,"Software Configuration"
190094,"Software Configuration"
210018,"Software Configuration"
210021,"Software Configuration"
210032,"Software Configuration"
210043,"Software Configuration"
150115,"Software Design"
150175,"Software Design"
150275,"Software Design"
150422,"Software Design"
150555,"Software Design"
150776,"Software Design"
151058,"Software Design"
151417,"Software Design"
151438,"Software Design"
151476,"Software Design"
151493,"Software Design"
151510,"Software Design"
151527,"Software Design"
151546,"Software Design"
151582,"Software Design"
151602,"Software Design"
180003,"Software Design"
180006,"Software Design"
180023,"Software Design"
180027,"Software Design"
190004,"Software Design"
190008,"Software Design"
190024,"Software Design"
190027,"Software Design"
190040,"Software Design"
190043,"Software Design"
190055,"Software Design"
190070,"Software Design"
190076,"Software Design"
190092,"Software Design"
190095,"Software Design"
210019,"Software Design"
210022,"Software Design"
210033,"Software Design"
210044,"Software Design"
150138,"Software Testing"
150205,"Software Testing"
150288,"Software Testing"
150866,"Software Testing"
151266,"Software Testing"
151425,"Software Testing"
151443,"Software Testing"
151481,"Software Testing"
151498,"Software Testing"
151515,"Software Testing"
151534,"Software Testing"
151550,"Software Testing"
151589,"Software Testing"
151607,"Software Testing"
190005,"Software Testing"
190009,"Software Testing"
190025,"Software Testing"
190028,"Software Testing"
190041,"Software Testing"
190044,"Software Testing"
190056,"Software Testing"
190074,"Software Testing"
190077,"Software Testing"
190093,"Software Testing"
190096,"Software Testing"
210020,"Software Testing"
210023,"Software Testing"
210034,"Software Testing"
150142,"Solution Architecture"
150208,"Solution Architecture"
150295,"Solution Architecture"
150916,"Solution Architecture"
151288,"Solution Architecture"
151426,"Solution Architecture"
151444,"Solution Architecture"
151499,"Solution Architecture"
151517,"Solution Architecture"
151535,"Solution Architecture"
151556,"Solution Architecture"
151590,"Solution Architecture"
151608,"Solution Architecture"
180005,"Solution Architecture"
180011,"Solution Architecture"
180026,"Solution Architecture"
180030,"Solution Architecture"
190010,"Solution Architecture"
190029,"Solution Architecture"
190045,"Solution Architecture"
210021,"Solution Architecture"
210024,"Solution Architecture"
210035,"Solution Architecture"
150143,"Solutions Design Thinking"
150215,"Solutions Design Thinking"
150318,"Solutions Design Thinking"
151407,"Solutions Design Thinking"
151427,"Solutions Design Thinking"
151446,"Solutions Design Thinking"
151518,"Solutions Design Thinking"
151536,"Solutions Design Thinking"
151558,"Solutions Design Thinking"
180006,"Solutions Design Thinking"
180027,"Solutions Design Thinking"
190079,"Solutions Design Thinking"
190098,"Solutions Design Thinking"
210022,"Solutions Design Thinking"
210025,"Solutions Design Thinking"
210036,"Solutions Design Thinking"
140008,"SOP Development and Implementation"
140036,"SOP Development and Implementation"
140881,"SOP Development and Implementation"
140886,"SOP Development and Implementation"
140900,"SOP Development and Implementation"
140904,"SOP Development and Implementation"
140924,"SOP Development and Implementation"
140927,"SOP Development and Implementation"
140944,"SOP Development and Implementation"
150065,"SOP Development and Implementation"
150142,"SOP Development and Implementation"
150155,"SOP Development and Implementation"
150208,"SOP Development and Implementation"
150232,"SOP Development and Implementation"
150295,"SOP Development and Implementation"
150343,"SOP Development and Implementation"
150446,"SOP Development and Implementation"
150615,"SOP Development and Implementation"
150638,"SOP Development and Implementation"
150916,"SOP Development and Implementation"
150938,"SOP Development and Implementation"
151288,"SOP Development and Implementation"
151411,"SOP Development and Implementation"
151426,"SOP Development and Implementation"
151430,"SOP Development and Implementation"
151444,"SOP Development and Implementation"
151448,"SOP Development and Implementation"
151467,"SOP Development and Implementation"
151482,"SOP Development and Implementation"
151485,"SOP Development and Implementation"
151499,"SOP Development and Implementation"
151503,"SOP Development and Implementation"
151517,"SOP Development and Implementation"
151520,"SOP Development and Implementation"
151535,"SOP Development and Implementation"
151539,"SOP Development and Implementation"
151556,"SOP Development and Implementation"
151560,"SOP Development and Implementation"
151575,"SOP Development and Implementation"
151590,"SOP Development and Implementation"
151595,"SOP Development and Implementation"
151608,"SOP Development and Implementation"
151611,"SOP Development and Implementation"
180011,"SOP Development and Implementation"
180014,"SOP Development and Implementation"
180030,"SOP Development and Implementation"
180034,"SOP Development and Implementation"
190010,"SOP Development and Implementation"
190016,"SOP Development and Implementation"
190029,"SOP Development and Implementation"
190032,"SOP Development and Implementation"
190045,"SOP Development and Implementation"
190048,"SOP Development and Implementation"
190064,"SOP Development and Implementation"
190078,"SOP Development and Implementation"
190082,"SOP Development and Implementation"
190097,"SOP Development and Implementation"
210024,"SOP Development and Implementation"
210027,"SOP Development and Implementation"
210038,"SOP Development and Implementation"
140883,"Stakeholder Management"
140903,"Stakeholder Management"
140926,"Stakeholder Management"
150342,"Stakeholder Management"
151428,"Stakeholder Management"
151447,"Stakeholder Management"
151537,"Stakeholder Management"
151559,"Stakeholder Management"
160148,"Stakeholder Management"
160289,"Stakeholder Management"
160304,"Stakeholder Management"
160323,"Stakeholder Management"
160338,"Stakeholder Management"
170866,"Stakeholder Management"
171024,"Stakeholder Management"
190015,"Stakeholder Management"
190028,"Stakeholder Management"
190031,"Stakeholder Management"
190044,"Stakeholder Management"
190047,"Stakeholder Management"
190059,"Stakeholder Management"
190077,"Stakeholder Management"
190080,"Stakeholder Management"
190096,"Stakeholder Management"
210023,"Stakeholder Management"
180012,"Strategy Planning"
180015,"Strategy Planning"
180032,"Strategy Planning"
180036,"Strategy Planning"
140025,"System Integration"
140102,"System Integration"
140883,"System Integration"
140888,"System Integration"
140903,"System Integration"
140908,"System Integration"
140926,"System Integration"
140929,"System Integration"
140947,"System Integration"
150076,"System Integration"
150148,"System Integration"
150163,"System Integration"
150216,"System Integration"
150238,"System Integration"
150342,"System Integration"
150348,"System Integration"
150512,"System Integration"
150633,"System Integration"
150655,"System Integration"
150935,"System Integration"
150976,"System Integration"
151408,"System Integration"
151410,"System Integration"
151413,"System Integration"
151428,"System Integration"
151432,"System Integration"
151447,"System Integration"
151451,"System Integration"
151469,"System Integration"
151484,"System Integration"
151488,"System Integration"
151502,"System Integration"
151506,"System Integration"
151519,"System Integration"
151523,"System Integration"
151537,"System Integration"
151541,"System Integration"
151559,"System Integration"
151562,"System Integration"
151578,"System Integration"
151593,"System Integration"
151597,"System Integration"
151610,"System Integration"
151613,"System Integration"
180013,"System Integration"
180019,"System Integration"
180033,"System Integration"
180037,"System Integration"
190015,"System Integration"
190018,"System Integration"
190031,"System Integration"
190035,"System Integration"
190047,"System Integration"
190050,"System Integration"
190066,"System Integration"
190080,"System Integration"
190087,"System Integration"
210026,"System Integration"
210029,"System Integration"
210040,"System Integration"
160008,"Talent Management"
160155,"Talent Management"
160213,"Talent Management"
160290,"Talent Management"
160294,"Talent Management"
160305,"Talent Management"
160308,"Talent Management"
160328,"Talent Management"
160339,"Talent Management"
140890,"Tax Computation"
140910,"Tax Computation"
140934,"Tax Computation"
160065,"Tax Computation"
160188,"Tax Computation"
160218,"Tax Computation"
160291,"Tax Computation"
160295,"Tax Computation"
160306,"Tax Computation"
160313,"Tax Computation"
160329,"Tax Computation"
170166,"Tax Computation"
170216,"Tax Computation"
171012,"Tax Computation"
171015,"Tax Computation"
171031,"Tax Computation"
171034,"Tax Computation"
171047,"Tax Computation"
180001,"Tax Computation"
180015,"Tax Computation"
180036,"Tax Computation"
140115,"Tax Implications"
140891,"Tax Implications"
140911,"Tax Implications"
140929,"Tax Implications"
140935,"Tax Implications"
160212,"Tax Implications"
160293,"Tax Implications"
160307,"Tax Implications"
170208,"Tax Implications"
170232,"Tax Implications"
171013,"Tax Implications"
171016,"Tax Implications"
171032,"Tax Implications"
171035,"Tax Implications"
171048,"Tax Implications"
180002,"Tax Implications"
180019,"Tax Implications"
180037,"Tax Implications"
140103,"Technology Application"
140525,"Technology Application"
140889,"Technology Application"
140892,"Technology Application"
140909,"Technology Application"
140912,"Technology Application"
140933,"Technology Application"
140937,"Technology Application"
150085,"Technology Application"
150115,"Technology Application"
150165,"Technology Application"
150175,"Technology Application"
150245,"Technology Application"
150275,"Technology Application"
150355,"Technology Application"
150422,"Technology Application"
150555,"Technology Application"
150695,"Technology Application"
150776,"Technology Application"
151008,"Technology Application"
151058,"Technology Application"
151414,"Technology Application"
151417,"Technology Application"
151433,"Technology Application"
151438,"Technology Application"
151452,"Technology Application"
151458,"Technology Application"
151476,"Technology Application"
151489,"Technology Application"
151493,"Technology Application"
151507,"Technology Application"
151510,"Technology Application"
151524,"Technology Application"
151527,"Technology Application"
151543,"Technology Application"
151546,"Technology Application"
151563,"Technology Application"
151568,"Technology Application"
151582,"Technology Application"
151598,"Technology Application"
151602,"Technology Application"
160258,"Technology Application"
160297,"Technology Application"
160315,"Technology Application"
170215,"Technology Application"
171014,"Technology Application"
180003,"Technology Application"
180020,"Technology Application"
180023,"Technology Application"
180038,"Technology Application"
190004,"Technology Application"
190019,"Technology Application"
190024,"Technology Application"
190036,"Technology Application"
190040,"Technology Application"
190051,"Technology Application"
190055,"Technology Application"
190070,"Technology Application"
190088,"Technology Application"
190092,"Technology Application"
210001,"Technology Application"
210019,"Technology Application"
210030,"Technology Application"
210033,"Technology Application"
210044,"Technology Application"
140001,"Technology Integration"
140108,"Technology Integration"
140736,"Technology Integration"
140890,"Technology Integration"
140893,"Technology Integration"
140910,"Technology Integration"
140917,"Technology Integration"
140934,"Technology Integration"
140938,"Technology Integration"
150008,"Technology Integration"
150095,"Technology Integration"
150118,"Technology Integration"
150166,"Technology Integration"
150192,"Technology Integration"
150258,"Technology Integration"
150276,"Technology Integration"
150356,"Technology Integration"
150423,"Technology Integration"
150565,"Technology Integration"
150705,"Technology Integration"
150796,"Technology Integration"
151055,"Technology Integration"
151118,"Technology Integration"
151415,"Technology Integration"
151418,"Technology Integration"
151435,"Technology Integration"
151439,"Technology Integration"
151456,"Technology Integration"
151459,"Technology Integration"
151477,"Technology Integration"
151491,"Technology Integration"
151494,"Technology Integration"
151508,"Technology Integration"
151512,"Technology Integration"
151525,"Technology Integration"
151528,"Technology Integration"
151544,"Technology Integration"
151547,"Technology Integration"
151564,"Technology Integration"
151570,"Technology Integration"
151583,"Technology Integration"
151600,"Technology Integration"
151603,"Technology Integration"
180004,"Technology Integration"
180021,"Technology Integration"
180025,"Technology Integration"
190005,"Technology Integration"
190021,"Technology Integration"
190025,"Technology Integration"
190037,"Technology Integration"
190041,"Technology Integration"
190052,"Technology Integration"
190056,"Technology Integration"
190074,"Technology Integration"
190089,"Technology Integration"
190093,"Technology Integration"
210017,"Technology Integration"
210020,"Technology Integration"
210031,"Technology Integration"
210034,"Technology Integration"
140115,"Technology Road Mapping"
140891,"Technology Road Mapping"
150096,"Technology Road Mapping"
150168,"Technology Road Mapping"
150265,"Technology Road Mapping"
150398,"Technology Road Mapping"
150765,"Technology Road Mapping"
151056,"Technology Road Mapping"
151416,"Technology Road Mapping"
151436,"Technology Road Mapping"
151457,"Technology Road Mapping"
151492,"Technology Road Mapping"
151509,"Technology Road Mapping"
151526,"Technology Road Mapping"
151545,"Technology Road Mapping"
151571,"Technology Road Mapping"
151601,"Technology Road Mapping"
180005,"Technology Road Mapping"
180022,"Technology Road Mapping"
180026,"Technology Road Mapping"
190006,"Technology Road Mapping"
190026,"Technology Road Mapping"
190038,"Technology Road Mapping"
190042,"Technology Road Mapping"
190054,"Technology Road Mapping"
190057,"Technology Road Mapping"
190075,"Technology Road Mapping"
190094,"Technology Road Mapping"
210021,"Technology Road Mapping"
210035,"Technology Road Mapping"
150126,"User Interface Design"
150198,"User Interface Design"
150283,"User Interface Design"
150435,"User Interface Design"
150845,"User Interface Design"
151198,"User Interface Design"
151420,"User Interface Design"
151441,"User Interface Design"
151465,"User Interface Design"
151496,"User Interface Design"
151514,"User Interface Design"
151533,"User Interface Design"
151549,"User Interface Design"
151573,"User Interface Design"
151585,"User Interface Design"
151606,"User Interface Design"
190004,"User Interface Design"
190008,"User Interface Design"
190024,"User Interface Design"
190027,"User Interface Design"
190040,"User Interface Design"
190043,"User Interface Design"
190055,"User Interface Design"
190058,"User Interface Design"
190076,"User Interface Design"
190092,"User Interface Design"
190095,"User Interface Design"
210036,"User Interface Design"
